Feature,HR_PC1,HR_PC2,HR_PC3,HR_PC4,HR_PC5,HR_PC6,HR_PC7,HR_PC8,HR_PC9,HR_PC10,HR_PC11,HR_PC12,HR_PC13,HR_PC14,HR_PC15,HR_PC16,HR_PC17
EX_RMSSD_ms,0.2117096092756061,0.007681646038490385,-0.14708323210509228,0.07209886077379693,-0.04894226428864403,0.009051911747024749,-0.008725527063759566,0.017213488619462758,-0.05086016624301824,0.01900055430309536,-0.12624634911808036,0.018109542977372686,-0.0309449297550028,0.07947820704789309,-0.1993877946455185,-0.3338563904229909,0.021628473875987382
EX_SDNN_ms_log,0.21429491233937792,0.14624848490473474,-0.05161407039258861,0.16313988251057226,-0.02056178787181505,0.07098535033122469,-0.041015038753435394,-0.010206808105526367,-0.058677748142470454,-0.03491840547981415,0.005808292038180148,-0.028899086204307842,-0.08839973772400211,-0.05982605033637717,-0.007233521504586768,-0.0421717833177,0.09300027950647
EX_pNNxx_pct,0.16663241318207958,-0.02162021691024913,0.07844163822459949,0.055912939764695746,0.19006721321269415,0.2712613963410384,-0.08268639173138215,0.014250530268679229,-0.06317380506222284,-0.06690510449999384,-0.08879909600988967,0.02835679941494309,-0.28339160997007734,0.5110950425787775,-0.1411803585879397,-0.30874712959470013,0.1419077226153527
EX_Mean_RR_ms,0.11958851519970107,-0.24099428188766464,0.030492762357322623,0.07737364598000371,-0.015593302660977498,0.0518746828991629,0.06319698283853473,0.07344302826869266,0.041083594424318665,-0.09279042070367584,-0.22551648564607613,0.16339915803186553,-0.07617386133198403,-0.06004604698132014,-0.43996889611556406,0.4409127515885719,0.25821967150375524
EX_Mean_HR_bpm,-0.1251011642404479,0.3114010566450075,0.06840190333740147,-0.010360778682004024,0.04516965944823964,-0.04861727154032703,-0.06709302400141155,-0.10232801106000156,-0.03491139532950184,-0.007184675301841463,0.10125835310964393,-0.06593360786961916,0.0051111290513475086,0.017355860829211957,0.08350845326578793,-0.12995883697000382,-0.03599321209518941
EX_RR_tri_index,0.160691975737077,0.04667456285093452,0.19297501811431128,0.18520641546383593,0.024072490852004302,0.24742488128374485,-0.1256564970483854,0.0004962353476355846,0.10845830187367006,0.020346655699674553,-0.019812337663486196,-0.01467408166013917,0.05356302674344773,0.08512136105588317,-0.13268122914319838,-0.1390697230173984,-0.04378577331757434
EX_TINN_ms_log,0.19198509201985414,-0.20666857261650434,-0.15455468361758484,0.02400207578631597,-0.03999113294429396,0.044420282723461976,0.0027848934356765193,0.044910517965666835,0.009314496038990372,0.014982826133856111,-0.03330034018187655,-0.005031716580229675,-0.010655678952222941,-0.048596727818030844,0.12060557123543,0.019879621819452686,0.0054924942288760124
EX_LF_abs_FFT_log,0.1892644366995685,0.11225694819941015,-0.007237518850610379,0.2940625398376282,-0.07925256123550528,0.09254536552835918,-0.11739256826620367,-0.0027975278360765354,0.016656683611231606,-0.03051059001112703,-0.027028565971294105,-0.04301176174991913,0.033891193347971374,-0.17535780006263363,0.05243974619576536,0.08803641003837134,-0.133856992266796
EX_HF_abs_FFT_log,0.1989199480342007,0.15559276055682142,-0.1447977050662227,0.1554199393074942,0.09588689705829684,0.03535619894303453,-0.04899301922606457,-0.017051134790021433,0.021279904735836408,-0.01698283068455795,-0.03911176433562896,0.02018929056848788,0.03227645347714994,-0.1063873334083752,0.07258314657087139,0.0988658608487053,-0.09876190530976758
EX_LF_HF_ratio_FFT,-0.058953074184794806,-0.1409610186367696,0.17749789470234142,0.13554585422707272,-0.3556307257463262,-0.021119191126639236,-0.08963139909842768,0.0624606397793388,-0.06699622583002113,0.080462502412032,0.16765291378637123,-0.15702647564625127,-0.016076508726691113,-0.1726932153322957,0.1423227685318387,-0.19363325162184977,0.7402568522077082
EX_VLF_abs_FFT_log,0.1725583089506001,0.10074915131889638,0.06532545489962159,0.29691844616208696,-0.11069455047002788,0.13361858980116315,-0.15228367377123989,0.013518920241647747,-0.05466915356172385,-0.06410776005737509,0.04686457320627546,0.01560212072047329,0.08095873741839545,-0.041799180109251044,0.08097916412373102,0.04287454611004077,-0.16604816015009025
EX_Total_power_FFT_log,0.20017654757058773,0.13020332456901879,-0.04824922308142204,0.25829584247568244,-0.03140621505373081,0.07448352469417041,-0.09522525815754579,-0.011150987475084778,-0.0019261740225613444,-0.020823290841743076,-0.010507225255433905,-0.02123962908501644,0.03164823876657194,-0.14670800310678894,0.07201762614327556,0.07407581597763752,-0.06750522289463136
EX_LF_nu_FFT,-0.13410598549337457,-0.09071349236044414,0.3016304111406715,0.12711433356295404,-0.26152380944774206,0.0853828918038872,-0.07421027048201209,0.009880889629864109,-0.002318263938397777,-0.04117018311363517,-0.007203694639817515,-0.09290006311420537,-0.006832764187824442,-0.0003679112864325984,-0.12542274943804993,-0.018350954474503328,-0.20136311323346506
EX_HF_nu_FFT,0.13408068455677355,0.09092644184575291,-0.3013596120416124,-0.12693365794248065,0.26165600776941056,-0.0851773712482782,0.0745926630569555,-0.010049692998420956,0.002406826700008302,0.040663830756920955,0.00666689084436331,0.09289279828209052,0.007070708518438329,-0.00012157479046517872,0.1252737950758479,0.01946963544751376,0.20184705278840812
EX_SD1_ms_log,0.20705680864863818,0.17347211624704598,-0.11707372240659901,0.07484127432140915,0.06792010236627406,0.03950182349619091,-0.024520096704736483,-0.016979460907512622,-0.03545210854188635,-0.052289758013913695,-0.005825533216605783,0.01663092611374043,-0.08329490292998518,-0.05180314360985855,-0.02077249720645806,-0.05061771003830515,0.1485599613740622
EX_SD2_ms_log,0.2134440439625516,-0.008540860642120986,-0.052113199713442485,0.16811682399603506,-0.06633477246341987,0.07603791194816119,0.14897463669325173,0.3079923034837726,-0.020156318317117783,0.04842246187064364,-0.05593401165010448,0.02771573731607728,-0.0450046431574489,-0.03281222588000684,0.06040128996638833,-0.03582838624292163,-0.0008470842379680044
EX_SD2_SD1_ratio_log,-0.12277701868321159,-0.17169058252759864,0.20765513909786054,0.1500840757035193,-0.24755096127149365,0.02380136626420515,-0.02007999976434549,0.01649513932425839,-0.029895600453914456,0.07926287168258986,0.003245361170834661,-0.11871338602091085,0.05228629695503981,0.05461513749047864,0.031106421382716545,0.0142893164295253,-0.2517645651984693
EX_SampEn_log,-0.09359490392708858,-0.11266552389063737,0.3151134752119419,-0.07965261516303934,0.197060540821265,0.18529658944504035,-0.03112969729372922,0.017361487004915854,0.16112959566114798,-0.09373647206006544,-0.1798622126352562,0.1020363760682463,-0.06821337040686482,0.12520814909680972,-0.12555831781634702,-0.024764608360890145,-0.020125127580533857
EX_DFA_alpha1,-0.08024912614815642,0.2095792034340091,0.11674491427523295,0.08110220836273124,-0.021015370212030583,-0.059137354840639464,0.33170765629594545,0.5234791008759432,0.011741136074832972,0.0867409930937777,-0.03713200569530266,0.06759578314403016,0.018005086966930983,0.0467868647315271,-0.004030072104446725,-0.013816056896403181,-0.025897130935799817
EX_RQA_RecurrenceRate,-0.07466327354338143,0.2501826610705527,0.09358206393619237,0.05911279701277924,0.006703653575392952,-0.07086368080595958,0.3113112898278279,0.4649682640180482,0.007761237258338258,0.07879538097684402,-0.020774388713457045,0.07284711315444736,0.017799486563657797,0.04945750114845779,-0.005540427864110686,-0.03335148617748873,0.006057713412176834
EX_RQA_Determinism,-0.007908535291975171,0.1082755255110732,-0.17865319393810508,0.13255324297218676,-0.3603295410995886,-0.08067463368535194,0.02694806971539785,-0.12443629421991229,-0.22387348381743744,0.1536104922064746,-0.021064518958147038,0.01552577832900126,-0.04054975851959314,0.664930133168963,0.15492138624233764,0.3782701159715558,0.056375225508543736
REST_RMSSD_ms_log,0.20966510698907542,-0.1875531067330363,0.04491723511242455,-0.09375585862090095,-0.03434585486517689,-0.10139725408881096,0.024315330051489437,0.06166097773344275,-0.06250390456532054,0.06608137932907793,-0.011304694915032186,0.03386542666882107,0.03816473869580381,-0.012797772974959432,0.06014472304688284,-0.019529029312367358,-0.09162987070664128
REST_SDNN_ms_log,0.1932067331389828,0.09657378531756498,0.23161943994788664,-0.08875599898603448,-0.04521870028436931,-0.17539438496538431,0.04886160508063417,-0.12318729855428302,-0.021497527651536022,0.033954055763170815,-0.12539119737731735,0.058470034156330564,-0.03860166880530279,-0.04768065608480947,0.03673793222297282,0.038882309950395995,-0.029685013347447747
REST_pNNxx_pct,0.12582340540807815,-0.09581555342299805,0.27442025663530734,-0.05986772454547574,0.24333664825407286,0.14948806610296736,-0.02399540132449656,0.05914869914127744,-0.026077758320874746,-0.048908317093786347,0.07500652262178018,0.013542862087425278,0.04397825121463937,0.07824387670379185,0.531101709590591,0.0026283445468953393,0.019969730793275853
REST_Mean_RR_ms,0.13571392413441571,-0.29598533081426937,0.05569794282987842,0.03455280286542813,0.0771626214612238,-0.00718514022783173,-0.00020916117637236642,0.12431639552459994,-0.040882114203008975,-0.0021497102357736636,0.00565607445782524,0.052393316888929994,0.06665846906433588,-0.07110157169010328,0.06969176771369036,0.19280289803325662,0.06493758562330848
REST_Mean_HR_bpm,0.0737074769455231,-0.28817649746668644,-0.1994370318127345,-0.030129439065717696,-0.0488651176825359,-0.1027271887346148,0.0021837829967742677,0.12172392142813818,-0.10180571929258454,0.15069988439479987,0.06912039524220116,-0.012846640916701157,0.013836844845481049,0.08898561505696398,-0.009608222962008,-0.2668594651737884,-0.22047777097137133
REST_LF_abs_FFT_log,0.19272649329327196,0.061111848163354736,0.23000010310788724,-0.03809245564267188,-0.010029579731851899,-0.25248425323017365,0.05255512604507678,-0.14655614793425928,-0.034622376278703154,0.11383798407608459,-0.16168005001826707,0.02988337736701433,-0.004559094400917273,-0.009172217675748625,-0.02740072404332441,-0.041602884273365726,0.024822735737108248
REST_HF_abs_FFT_log,0.19886762766177685,0.10705669616038507,0.18708157690273386,-0.17024957698704976,-0.056264404689956256,-0.155425448643217,-0.05358026872833808,-0.04367421405477144,-0.07915446081827791,0.11565692687594475,-0.07303093936365057,0.01102693332381691,0.022026392140589893,-0.003113870070426507,-0.06629495112921713,-0.03116467229790578,0.020650047804211258
REST_LF_HF_ratio_FFT,-0.0896373772059997,-0.15796458744024372,-0.03050603585996279,0.2877787410408569,-0.004298427336149697,-0.1375759266715837,0.2859771268858626,-0.19914858676848443,0.05115921157724082,-0.015112199293498212,-0.08396400780362906,0.07666045687173632,-0.25140445840388725,-0.04254696685727365,0.20826586598584323,-0.35192382793519916,-0.048726933817872145
REST_Total_power_FFT_log,0.19192552433446708,0.06825283451849223,0.22379171690054,-0.06743522249015159,-0.006617776952151192,-0.2783554139267012,-0.004135435635705894,-0.0969945220833408,-0.11159496300702147,0.1358160232853878,-0.1023906370621654,0.016035004034009676,-0.0016646826980145494,0.009720181962613643,-0.0710445427630659,-0.0503485001991599,0.008486744710749342
REST_LF_nu_FFT,-0.1141091533107058,-0.09365440158056233,0.034809054077314994,0.3744376632581495,0.2173542787558817,-0.2672831355599659,0.1454809749863578,-0.16054984277501405,0.0058523142632440515,-0.02512109105876821,-0.08614460618395896,0.012374685512562163,-0.018241774339066288,0.013997738091875083,-0.015933736095328443,0.048769812166683864,0.016973566265082517
REST_HF_nu_FFT,0.1266696135557682,0.0884333007902012,-0.018925223127154986,-0.36262314035612964,-0.17848942097427722,0.16077189254140392,-0.20451176944764896,0.19998740331134873,-0.11314463525170851,0.06359778426286901,0.1379250618157267,-0.028576379570231184,0.03402915849139405,0.00030408794569604597,-0.04095363548426442,-0.06280282313524148,-0.043621738661991934
REST_SD1_ms_log,0.19364974704338825,0.1248009961816012,0.19292409849161365,-0.16700592674229786,-0.07101500404636855,-0.08361690523338294,0.02316536001073794,-0.08536824027103167,0.012153123860900082,-0.007097599121815508,-0.08038380222207142,0.04153986366276876,-0.022299619867567552,-0.0450022027226178,0.07759260403018017,0.04653926184728987,-0.023228527732546484
REST_SD2_ms_log,0.21111815881696044,-0.16674784173996476,0.08275853891820957,-0.06347399773098311,-0.07071664233159275,-0.054427537652044874,0.13499012440605154,0.03454576011835894,0.03502483381612877,0.06609126761383094,-0.10903808000193957,0.07640978984396958,0.01238539314572961,-0.03627756541377273,0.10237153071982252,0.0064308129263450885,-0.05329050431200599
REST_SampEn,-0.03621375834941458,-0.08112680200231162,0.18369787700325807,0.16865570527314927,0.4259911608978887,-0.11728363290516598,-0.2390105512001863,0.19342206839935583,-0.20886007015757374,-0.04270774291853689,0.17096514846039298,-0.1190561826220296,0.16444791473838086,0.14993478601439222,0.10244296649552329,0.1620725742483951,0.08889866352677477
REST_DFA_alpha1,-0.12701191924498922,0.28862700163793087,0.06935973045906992,0.03270458611786009,-0.027679156016782,0.09628234294396823,0.07774545021601355,-0.04267594485687645,0.11188325028857875,-0.08756121082264424,-0.07629626929337267,0.008656509770679518,-0.03984396074977826,-0.04997405247209963,-0.005720146820005531,0.03932578401710966,0.11442176535969698
nabla_h_ex,0.04888278751914562,-0.0066606347636769085,0.1449954157269204,0.022565730418678317,-0.02237338720471493,0.1351387385595025,0.1641564891184309,-0.14670180771139438,-0.11709665715426024,0.07970528690844127,0.631424497722176,0.5819441775445667,-0.29225002232097547,-0.07324544684943511,-0.06398178059311152,0.08883548153956537,-0.05960628927160229
nabla_h_rest,-0.01696914064383095,0.015115917660699205,-0.01492391698622571,0.12619248570350086,0.11385884041645805,0.04638318910346256,-0.15561049907067317,-0.06166374034298656,0.49324164451420327,0.7465728919815989,0.0699875558855319,0.1119223795861958,0.21983635841473195,0.06626829295756957,-0.06520846920947389,-0.009980604078976522,0.07156441059179593
GLOBAL_EX_RMSSD_ms_log,0.1745065736747641,-0.11133853945823992,-0.09556363993870622,-0.038226474448513174,-0.07603425904417432,0.12416477445367041,0.26765888269445726,-0.0031729511630779013,0.2502650158717305,-0.1317670796021906,0.23804304097457524,-0.23100986599464335,0.112297397915893,0.03058160986846541,-0.12728305879114118,-0.012149990343235311,-0.012833342008012996
GLOBAL_EX_SDNN_ms_log,0.13894289320555547,0.08129635192791845,0.07141121875581098,0.11050126768629344,0.13189222591194066,-0.32002589496895767,0.0690331955692491,-0.03336920222527336,-0.07700153254364454,-0.08480500412942543,0.4353763109138777,-0.30779499270932537,0.11745186581930825,0.07226101296021453,-0.393900785776936,-0.05309050924293146,-0.014117203914119872
GLOBAL_REST_RMSSD_ms_log,0.19107913435810575,-0.19196888771190176,0.004014535359838901,-0.05294938622430223,0.009815955859334376,-0.07229311542892188,0.15621300657526552,0.028181570756175462,0.1467259481142682,-0.009759860249141415,0.14160531259996567,-0.18107695691490217,0.022797840553811576,0.137888646216208,0.0768870574115349,0.05156139045373426,-0.061831709050543714
GLOBAL_REST_SDNN_ms_log,0.13629782619536157,0.11014903735743294,0.11882961476088304,-0.09459384466024752,-0.058327883080984626,0.1200106042156708,0.2882633779175578,-0.1790042390895479,0.4218978624071892,-0.15233343441701097,0.08597840019373544,-0.25500067404502536,-0.02429995471573408,0.15266875541130737,0.15882572023713906,0.13091144875417224,0.07186519731562367
GLOBAL_nabla_h_ex,-0.013671826736924304,-0.004121688965125966,0.03582124640914249,0.0055670617671389365,0.04238584240705238,0.3461196108883044,0.39377459473350945,-0.26841637756029096,-0.38824611474077636,0.05413564638880086,-0.08944062233770242,0.09588568083824386,0.6525970633925122,-0.0005489981992177918,-0.061049338034311576,-0.11038186850291981,0.08499036033627216
GLOBAL_nabla_h_rest,0.03189926063573712,-0.0027792970511083676,-0.029978849328268053,0.048880244345282875,-0.19409277092328633,-0.2851633780096859,-0.2041879567379912,0.07320479688450088,0.3199543141335406,-0.45038774050617675,0.050858206353496575,0.4922628122133498,0.4268857305970127,0.2018440324582839,0.04669678614305324,-0.1721522755558686,0.06481332465260646
